{"ymin": 67.2648926, "ymax": 67.3098426, "xmin": 14.3686726, "xmax": 14.454247599999999}