{"ymin": 20.338499900000002, "ymax": 20.3474899, "xmin": -102.03112970500001, "xmax": -102.031118295}