{"ymin": 33.7107093, "ymax": 33.8006093, "xmin": -96.479608, "xmax": -96.593708}