{"ymin": 33.7511643, "ymax": 33.760154299999996, "xmin": -96.479608, "xmax": -96.593708}