{"ymin": 38.9390353, "ymax": 38.9839853, "xmin": -76.9011265, "xmax": -76.95817650000001}