{"ymin": 38.8500868, "ymax": 38.9399868, "xmin": -76.9794927, "xmax": -77.0935927}