{"ymin": -2.8524572, "ymax": -2.9423572, "xmin": -78.9471226, "xmax": -79.06122260000001}