{"ymin": 34.0454777, "ymax": 34.1353777, "xmin": -118.23957539999999, "xmax": -118.3536754}