{"ymin": 20.3070349, "ymax": 20.3789549, "xmin": -101.985484, "xmax": -102.07676400000001}