{"ymin": -37.7429309, "ymax": -37.8328309, "xmin": 175.224738, "xmax": 175.338838}