{"ymin": 38.5381278, "ymax": 38.7179278, "xmin": -90.0769154, "xmax": -90.30511539999999}