{"ymin": 49.2388854, "ymax": 49.2478754, "xmin": -122.972550705, "xmax": -122.97253929499999}