{"ymin": 40.9094443, "ymax": 40.9993443, "xmin": -73.9738004, "xmax": -74.08790040000001}