{"ymin": 40.4012051, "ymax": 40.4461551, "xmin": -79.8543025, "xmax": -79.9113525}