{"ymin": 34.0859327, "ymax": 34.0949227, "xmin": -118.296631105, "xmax": -118.29661969499999}