{"ymin": 38.8051368, "ymax": 38.9849368, "xmin": -76.9224427, "xmax": -77.15064269999999}