{"ymin": 67.2648926, "ymax": 67.3098426, "xmin": 14.354410099999999, "xmax": 14.4685101}