{"ymin": 33.964351699999995, "ymax": 34.0362717, "xmin": -80.9874909, "xmax": -81.07877090000001}