{"ymin": 47.3294989, "ymax": 47.4193989, "xmin": 8.4839922, "xmax": 8.5980922}