{"ymin": 41.5247797, "ymax": 41.5697297, "xmin": -89.08906019999999, "xmax": -89.1461102}