{"ymin": 40.3967441, "ymax": 40.4866441, "xmin": -79.9330361, "xmax": -80.0471361}