{"ymin": 40.3484456, "ymax": 40.4383456, "xmin": -82.4286681, "xmax": -82.5427681}