{"ymin": 49.1534804, "ymax": 49.3332804, "xmin": -122.858445, "xmax": -123.08664499999999}